hs6,group,name,source
291462,API,"Coenzyme Q10 ""ubidecarenone (INN)""","EFPIA 2024 EU27 pharma supply-chain, Annex 3"
291469,API,"Quinones (excl. anthraquinone and coenzyme Q10 ""ubidecarenone (INN)"")","EFPIA 2024 EU27 pharma supply-chain, Annex 3"
291639,API,"Aromatic monocarboxylic acids, their anhydrides, halides, peroxides, peroxyacids and their","EFPIA 2024 EU27 pharma supply-chain, Annex 3"
291821,API,Salicylic Acid And Its Salts,"EFPIA 2024 EU27 pharma supply-chain, Annex 3"
291822,API,"o-Acetylsalicylic acid, its salts and esters","EFPIA 2024 EU27 pharma supply-chain, Annex 3"
291823,API,"Esters of salicylic acid and their salts (excl. o-acetylsalicylic acid, its salts and este","EFPIA 2024 EU27 pharma supply-chain, Annex 3"
291899,API,"Carboxylic acids with additional oxygen function and their anhydrides, halides, peroxides ","EFPIA 2024 EU27 pharma supply-chain, Annex 3"
292146,API,"Amfetamine (INN), benzfetamine (INN), dexamfetamine (INN), etilamfetamine (INN), fencamfam","EFPIA 2024 EU27 pharma supply-chain, Annex 3"
292149,API,"Aromatic monoamines and derivatives; salts thereof (excl. aniline, toluidines, diphenylami","EFPIA 2024 EU27 pharma supply-chain, Annex 3"
292214,API,Dextropropoxyphene (INN) and its salts,"EFPIA 2024 EU27 pharma supply-chain, Annex 3"
292219,API,"Amino-alcohols, their ethers and esters; salts thereof (other than those containing > one ","EFPIA 2024 EU27 pharma supply-chain, Annex 3"
292229,API,"Amino-naphthols and other amino-phenols, their ethers and esters; salts thereof (excl. tho","EFPIA 2024 EU27 pharma supply-chain, Annex 3"
292231,API,"Amfepramone (INN), methadone (INN) and normethadone (INN), and salts thereof","EFPIA 2024 EU27 pharma supply-chain, Annex 3"
292241,API,Lysine and its esters; salts thereof,"EFPIA 2024 EU27 pharma supply-chain, Annex 3"
292244,API,Tilidine (INN) and its salts,"EFPIA 2024 EU27 pharma supply-chain, Annex 3"
292249,API,Amino-acids and their esters; salts thereof (excl. those with > one kind of oxygen functio,"EFPIA 2024 EU27 pharma supply-chain, Annex 3"
292250,API,"Amino-alcohol-phenols, amino-acid-phenols and other amino-compounds with oxygen function","EFPIA 2024 EU27 pharma supply-chain, Annex 3"
292320,API,"Lecithins and other phosphoaminolipids, whether or not chemically defined","EFPIA 2024 EU27 pharma supply-chain, Annex 3"
292411,API,Meprobamate (INN),"EFPIA 2024 EU27 pharma supply-chain, Annex 3"
292424,API,Ethinamate (INN),"EFPIA 2024 EU27 pharma supply-chain, Annex 3"
292429,API,"Cyclic amides, incl. cyclic carbamates, and their derivatives; salts thereof (excl. ureine","EFPIA 2024 EU27 pharma supply-chain, Annex 3"
292512,API,Glutethimide (INN),"EFPIA 2024 EU27 pharma supply-chain, Annex 3"
292529,API,Imines and their derivatives; salts thereof (excl. chlordimeform (ISO)),"EFPIA 2024 EU27 pharma supply-chain, Annex 3"
292630,API,"Fenproporex (INN) and its salts; methadone (INN)-intermediate ""4-cyano-2-dimethylamino-4,4","EFPIA 2024 EU27 pharma supply-chain, Annex 3"
293190,API,"Separate chemically defined organo-inorganic compounds (excl. organo-sulphur, mercury,","EFPIA 2024 EU27 pharma supply-chain, Annex 3"
293220,API,Lactones,"EFPIA 2024 EU27 pharma supply-chain, Annex 3"
293311,API,"Phenazone ""antipyrin"" and its derivatives","EFPIA 2024 EU27 pharma supply-chain, Annex 3"
293319,API,"Heterocyclic compounds with nitrogen hetero-atom[s] only, containing an unfused pyrazole r","EFPIA 2024 EU27 pharma supply-chain, Annex 3"
293321,API,Hydantoin and its derivatives,"EFPIA 2024 EU27 pharma supply-chain, Annex 3"
293329,API,"Heterocyclic compounds with nitrogen hetero-atom[s] only, containing an unfused imidazole ","EFPIA 2024 EU27 pharma supply-chain, Annex 3"
293331,API,Pyridine and its salts,"EFPIA 2024 EU27 pharma supply-chain, Annex 3"
293332,API,Piperidine and its salts,"EFPIA 2024 EU27 pharma supply-chain, Annex 3"
293333,API,"Alfentanil (INN), anileridine (INN), bezitramide (INN), bromazepam (INN), difenoxin (INN),","EFPIA 2024 EU27 pharma supply-chain, Annex 3"
293339,API,"Heterocyclic compounds with nitrogen hetero-atom[s] only, containing an unfused pyridine r","EFPIA 2024 EU27 pharma supply-chain, Annex 3"
293341,API,Levorphanol (INN) and its salts,"EFPIA 2024 EU27 pharma supply-chain, Annex 3"
293349,API,"Heterocyclic compounds with nitrogen hetero-atom[s] only, containing in the structure a qu","EFPIA 2024 EU27 pharma supply-chain, Annex 3"
293352,API,"Malonylurea ""barbituric acid"" and its salts","EFPIA 2024 EU27 pharma supply-chain, Annex 3"
293353,API,"Allobarbital (INN), amobarbital (INN), barbital (INN), butalbital (INN), butobarbital (INN","EFPIA 2024 EU27 pharma supply-chain, Annex 3"
293354,API,"Derivatives of malonylurea ""barbituric acid"" and salts thereof (excl. salts of malonylurea","EFPIA 2024 EU27 pharma supply-chain, Annex 3"
293355,API,"Loprazolam (INN), mecloqualone (INN), methaqualone (INN) and zipeprol (INN), and salts the","EFPIA 2024 EU27 pharma supply-chain, Annex 3"
293359,API,"Heterocyclic compounds with nitrogen hetero-atom[s] only, containing a pyrimidine ring, wh","EFPIA 2024 EU27 pharma supply-chain, Annex 3"
293369,API,"Heterocyclic compounds with nitrogen hetero-atom[s] only, containing an unfused triazine r","EFPIA 2024 EU27 pharma supply-chain, Annex 3"
293371,API,"6-Hexanelactam ""epsilon-caprolactam""","EFPIA 2024 EU27 pharma supply-chain, Annex 3"
293372,API,Clobazam (INN) and methyprylon (INN),"EFPIA 2024 EU27 pharma supply-chain, Annex 3"
293379,API,"Lactams (excl. 6-hexanelactam ""epsilon-caprolactam"", clobazam (INN), methyprylon (INN), an","EFPIA 2024 EU27 pharma supply-chain, Annex 3"
293391,API,"Alprazolam (INN), camazepam (INN), chlordiazepoxide (INN), clonazepam (INN), clorazepate,","EFPIA 2024 EU27 pharma supply-chain, Annex 3"
293399,API,Heterocyclic compounds with nitrogen hetero-atom[s] only (excl. those containing an unfuse,"EFPIA 2024 EU27 pharma supply-chain, Annex 3"
293410,API,"Heterocyclic compounds containing an unfused thiazole ring, whether or not hydrogenated, i","EFPIA 2024 EU27 pharma supply-chain, Annex 3"
293420,API,"Heterocyclic compounds containing in the structure a benzothiazole ring-system, whether or","EFPIA 2024 EU27 pharma supply-chain, Annex 3"
293430,API,"Heterocyclic compounds containing in the structure a phenothiazine ring-system, whether or","EFPIA 2024 EU27 pharma supply-chain, Annex 3"
293491,API,"Aminorex (INN), brotizolam (INN), clotiazepam (INN), cloxazolam (INN), dextromoramide (INN","EFPIA 2024 EU27 pharma supply-chain, Annex 3"
293499,API,"Nucleic acids and their salts, whether or not chemically defined; heterocyclic compounds (","EFPIA 2024 EU27 pharma supply-chain, Annex 3"
293590,API,Sulphonamides (excl. perfluorooctane sulphonamides),"EFPIA 2024 EU27 pharma supply-chain, Annex 3"
293621,API,"Vitamins A and their derivatives, used primarily as vitamins","EFPIA 2024 EU27 pharma supply-chain, Annex 3"
293622,API,"Vitamin B1 and its derivatives, used primarily as vitamins","EFPIA 2024 EU27 pharma supply-chain, Annex 3"
293623,API,"Vitamin B2 and its derivatives, used primarily as vitamins","EFPIA 2024 EU27 pharma supply-chain, Annex 3"
293624,API,"D-Pantothenic or DL-pantothenic acid ""Vitamin B3 or B5"" and their derivatives, used primar","EFPIA 2024 EU27 pharma supply-chain, Annex 3"
293625,API,"Vitamin B6 and its derivatives, used primarily as vitamins","EFPIA 2024 EU27 pharma supply-chain, Annex 3"
293626,API,"Vitamin B12 and its derivatives, used primarily as vitamins","EFPIA 2024 EU27 pharma supply-chain, Annex 3"
293627,API,"Vitamin C and its derivatives, used primarily as vitamins","EFPIA 2024 EU27 pharma supply-chain, Annex 3"
293628,API,"Vitamin E and its derivatives, used primarily as vitamins","EFPIA 2024 EU27 pharma supply-chain, Annex 3"
293629,API,"Vitamins and their derivatives, used primarily as vitamins, unmixed (excl. vitamins A, B1,","EFPIA 2024 EU27 pharma supply-chain, Annex 3"
293690,API,"Provitamins and mixtures of vitamins, of provitamins or of concentrates, whether or not in","EFPIA 2024 EU27 pharma supply-chain, Annex 3"
293711,API,"Somatropin, its derivatives and structural analogues, used primarily as hormones","EFPIA 2024 EU27 pharma supply-chain, Annex 3"
293712,API,"Insulin and its salts, used primarily as hormones","EFPIA 2024 EU27 pharma supply-chain, Annex 3"
293719,API,"Polypeptide hormones, protein hormones and glycoprotein hormones, their derivatives and","EFPIA 2024 EU27 pharma supply-chain, Annex 3"
293721,API,"Cortisone, hydrocortisone, prednisone ""dehydrocortisone"" and prednisolone","EFPIA 2024 EU27 pharma supply-chain, Annex 3"
293722,API,Halogenated derivatives of corticosteroidal hormones,"EFPIA 2024 EU27 pharma supply-chain, Annex 3"
293723,API,Oestrogens and progestogens,"EFPIA 2024 EU27 pharma supply-chain, Annex 3"
293729,API,"Steroidal hormones, their derivatives and structural analogues, used primarily as hormones","EFPIA 2024 EU27 pharma supply-chain, Annex 3"
293750,API,"Prostaglandins, thromboxanes and leukotrienes, their derivatives and structural analogues,","EFPIA 2024 EU27 pharma supply-chain, Annex 3"
293790,API,"Hormones, natural or reproduced by synthesis; derivatives and structural analogues thereof","EFPIA 2024 EU27 pharma supply-chain, Annex 3"
293810,API,"Rutoside ""rutin"" and its derivatives","EFPIA 2024 EU27 pharma supply-chain, Annex 3"
293890,API,"Glycosides, natural or reproduced by synthesis, and their salts, ethers, esters and other ","EFPIA 2024 EU27 pharma supply-chain, Annex 3"
293911,API,"Concentrates of poppy straw; buprenorphine (INN), codeine, dihydrocodeine (INN), ethylmorp","EFPIA 2024 EU27 pharma supply-chain, Annex 3"
293919,API,"Alkaloids of opium and their derivatives, and salts thereof (excl. concentrates of poppy s","EFPIA 2024 EU27 pharma supply-chain, Annex 3"
293920,API,Alkaloids of cinchona and their derivatives; salts thereof,"EFPIA 2024 EU27 pharma supply-chain, Annex 3"
293930,API,Caffeine and its salts,"EFPIA 2024 EU27 pharma supply-chain, Annex 3"
293941,API,Ephedrine and its salts,"EFPIA 2024 EU27 pharma supply-chain, Annex 3"
293942,API,Pseudoephedrine (INN) and its salts,"EFPIA 2024 EU27 pharma supply-chain, Annex 3"
293943,API,Cathine (INN) and its salts,"EFPIA 2024 EU27 pharma supply-chain, Annex 3"
293944,API,Norephedrine and its salts,"EFPIA 2024 EU27 pharma supply-chain, Annex 3"
293949,API,"Ephedrines and their salts (excl. ephedrine, pseudoephedrine (INN), cathine (INN), norephe","EFPIA 2024 EU27 pharma supply-chain, Annex 3"
293951,API,Fenetylline (INN) and its salts,"EFPIA 2024 EU27 pharma supply-chain, Annex 3"
293959,API,"Theophylline and aminophylline ""theophylline-ethylenediamine"" and their derivatives, and s","EFPIA 2024 EU27 pharma supply-chain, Annex 3"
293961,API,Ergometrine (INN) and its salts,"EFPIA 2024 EU27 pharma supply-chain, Annex 3"
293962,API,Ergotamine (INN) and its salts,"EFPIA 2024 EU27 pharma supply-chain, Annex 3"
293963,API,Lysergic acid and its salts,"EFPIA 2024 EU27 pharma supply-chain, Annex 3"
293969,API,"Alkaloids of rye ergot and their derivatives; salts thereof (excl. lysergic acid, ergotami","EFPIA 2024 EU27 pharma supply-chain, Annex 3"
293971,API,"Cocaine, ecgonine, levometamfetamine, metamfetamine (INN), metamfetamine racemate, and sal","EFPIA 2024 EU27 pharma supply-chain, Annex 3"
293979,API,"Vegetal alkaloids, natural or reproduced by synthesis, and their salts, ethers, esters and","EFPIA 2024 EU27 pharma supply-chain, Annex 3"
293980,API,"Non-vegetal alkaloids, natural or reproduced by synthesis, and their salts, ethers, esters","EFPIA 2024 EU27 pharma supply-chain, Annex 3"
294110,Antibiotics API,Penicillins and their derivatives with a penicillanic acid structure; salts thereof,"EFPIA 2024 EU27 pharma supply-chain, Annex 3"
294120,Antibiotics API,Streptomycins and their derivatives; salts thereof,"EFPIA 2024 EU27 pharma supply-chain, Annex 3"
294130,Antibiotics API,Tetracyclines and their derivatives; salts thereof,"EFPIA 2024 EU27 pharma supply-chain, Annex 3"
294140,Antibiotics API,Chloramphenicol and its derivatives; salts thereof,"EFPIA 2024 EU27 pharma supply-chain, Annex 3"
294150,Antibiotics API,Erythromycin and its derivatives; salts thereof,"EFPIA 2024 EU27 pharma supply-chain, Annex 3"
294190,Antibiotics API,"Antibiotics (excl. penicillins and their derivatives with a penicillanic acid structure, s","EFPIA 2024 EU27 pharma supply-chain, Annex 3"
294200,API,"Separate chemically defined organic compounds, n.e.s.","EFPIA 2024 EU27 pharma supply-chain, Annex 3"
300190,API,"Dried glands and other organs for organo-therapeutic uses, whether or not powdered; hepari","EFPIA 2024 EU27 pharma supply-chain, Annex 3"
300213,API,"Immunological products, unmixed, not put up in measured doses or in forms or packings for ","EFPIA 2024 EU27 pharma supply-chain, Annex 3"
